,home_or_away,avgGoalDif,avgHF,winStreak,avgPPG,daysSinceLast,win
0,1,0.0,0.0,0.0,0.0,0.0,True
1,0,0.0,0.0,1.0,0.0,2.0,True
2,0,0.0,0.0,2.0,0.0,2.0,False
3,0,0.0,0.0,0.0,0.0,3.0,True
4,0,0.0,0.0,1.0,0.0,1.0,False
5,0,0.0,0.0,0.0,0.0,2.0,False
6,0,0.0,0.0,0.0,0.0,2.0,False
7,1,0.0,0.0,0.0,0.0,4.0,True
8,1,0.0,18.125,1.0,1.0,3.0,False
9,0,-0.875,17.125,0.0,0.75,2.0,True
10,0,-0.5,16.75,1.0,0.75,1.0,False
11,1,0.0,15.75,0.0,0.75,2.0,False
12,1,-0.25,16.0,0.0,0.5,2.0,True
13,1,0.625,15.875,1.0,0.75,2.0,True
14,1,1.0,15.375,2.0,1.0,2.0,True
15,1,1.5,13.875,3.0,1.25,4.0,False
16,1,1.125,14.625,0.0,1.0,3.0,True
17,0,1.5,15.375,1.0,1.25,2.0,False
18,0,1.0,15.375,0.0,1.0,2.0,True
19,0,1.375,15.875,1.0,1.25,1.0,True
20,0,1.625,16.0,2.0,1.5,2.0,True
21,1,1.375,17.0,3.0,1.5,2.0,True
22,1,1.375,17.5,4.0,1.5,3.0,False
23,0,1.0,17.875,0.0,1.25,2.0,False
24,0,0.75,17.25,0.0,1.25,2.0,False
25,0,0.375,18.75,0.0,1.0,3.0,False
26,0,0.25,18.75,0.0,1.0,1.0,True
27,0,0.0,19.125,1.0,1.0,2.0,False
28,0,-0.125,19.0,0.0,0.75,2.0,True
29,0,-0.125,18.125,1.0,0.75,4.0,False
30,1,-0.625,17.75,0.0,0.5,1.0,True
31,1,-0.25,18.125,1.0,0.75,3.0,True
32,1,0.25,18.625,2.0,1.0,3.0,False
33,1,0.125,16.875,0.0,1.0,2.0,True
34,0,0.375,16.375,1.0,1.25,1.0,False
35,1,-0.375,15.375,0.0,1.0,3.0,False
36,1,-0.5,16.0,0.0,1.0,2.0,True
37,1,-0.375,15.75,1.0,1.0,2.0,False
38,0,-0.125,16.125,0.0,1.0,2.0,True
39,0,-0.25,15.875,1.0,1.0,1.0,False
40,1,-0.5,14.75,0.0,0.75,2.0,False
41,0,-0.25,14.5,0.0,0.75,3.0,True
42,1,-0.125,14.625,1.0,0.75,2.0,False
43,1,0.25,14.375,0.0,0.75,1.0,False
44,1,0.125,12.625,0.0,0.75,3.0,False
45,1,-0.5,12.375,0.0,0.5,2.0,False
46,1,-0.75,12.625,0.0,0.5,3.0,False
47,0,-0.875,11.875,0.0,0.25,2.0,False
48,1,-1.0,13.0,0.0,0.25,8.0,False
49,1,-1.25,13.0,0.0,0.25,3.0,False
50,1,-1.625,13.375,0.0,0.0,3.0,True
51,1,-1.25,12.75,1.0,0.25,4.0,True
52,0,-0.5,13.875,2.0,0.5,3.0,True
53,0,0.0,14.5,3.0,0.75,2.0,True
54,0,0.5,15.375,4.0,1.0,1.0,False
55,1,0.375,17.875,0.0,1.0,2.0,True
56,0,0.75,17.75,1.0,1.25,2.0,False
57,0,1.0,17.375,0.0,1.25,2.0,True
58,0,1.5,16.875,1.0,1.5,2.0,False
59,0,1.375,17.875,0.0,1.25,3.0,False
60,1,0.5,17.625,0.0,1.0,3.0,True
61,1,0.375,16.375,1.0,1.0,2.0,True
62,1,0.5,16.0,2.0,1.0,2.0,True
63,1,0.875,14.375,3.0,1.25,4.0,True
64,0,0.875,14.25,4.0,1.25,2.0,False
65,0,0.75,16.5,0.0,1.25,2.0,False
66,1,0.25,17.375,0.0,1.0,2.0,True
67,1,0.5,16.25,1.0,1.25,2.0,True
68,1,1.125,15.75,2.0,1.5,2.0,True
69,1,1.25,17.125,3.0,1.5,2.0,True
70,0,1.375,16.375,4.0,1.5,5.0,True
71,0,1.5,16.125,5.0,1.5,2.0,False
72,0,1.0,16.875,0.0,1.25,1.0,True
73,0,1.5,15.0,1.0,1.5,2.0,True
74,0,2.125,14.0,2.0,1.75,2.0,True
75,1,2.0,14.875,3.0,1.75,2.0,False
76,0,1.75,15.375,0.0,1.5,2.0,False
77,1,1.25,14.75,0.0,1.25,1.0,False
78,1,0.5,13.875,0.0,1.0,2.0,True
79,1,0.5,14.0,1.0,1.0,2.0,True
80,0,0.875,14.25,2.0,1.25,2.0,True
81,0,0.0,0.0,0.0,0.0,0.0,False
82,0,0.0,0.0,0.0,0.0,2.0,False
83,1,0.0,0.0,0.0,0.0,2.0,False
84,1,0.0,0.0,0.0,0.0,2.0,True
85,1,0.0,0.0,1.0,0.0,4.0,False
86,0,0.0,0.0,0.0,0.0,5.0,False
87,1,0.0,0.0,0.0,0.0,1.0,True
88,0,0.0,0.0,1.0,0.0,2.0,False
89,0,-0.375,17.125,0.0,0.5,2.0,True
90,1,0.0,17.125,1.0,0.75,3.0,True
91,1,0.625,17.0,2.0,1.0,1.0,True
92,1,1.125,15.25,3.0,1.25,2.0,False
93,0,0.25,15.625,0.0,1.0,2.0,False
94,0,0.25,15.5,0.0,1.0,1.0,False
95,1,-0.125,15.625,0.0,1.0,2.0,True
96,1,0.125,15.5,1.0,1.0,2.0,True
97,0,0.625,16.5,2.0,1.25,2.0,True
98,0,0.875,16.25,3.0,1.25,1.0,False
99,0,0.5,17.625,0.0,1.0,4.0,False
100,0,-0.375,18.375,0.0,0.75,2.0,False
101,0,-0.5,18.75,0.0,0.75,2.0,True
102,1,0.25,17.625,1.0,1.0,6.0,True
103,1,1.25,17.875,2.0,1.25,2.0,False
104,1,0.75,18.0,0.0,1.0,4.0,True
105,1,0.75,17.625,1.0,1.0,2.0,True
106,1,0.875,17.0,2.0,1.0,1.0,False
107,0,0.75,15.375,0.0,1.0,3.0,True
108,0,1.75,15.75,1.0,1.25,1.0,True
109,0,2.375,15.375,2.0,1.5,2.0,False
110,0,1.375,16.0,0.0,1.25,3.0,False
111,1,0.75,16.0,0.0,1.0,2.0,True
112,1,1.125,16.0,1.0,1.25,2.0,True
113,1,0.875,15.375,2.0,1.25,2.0,True
114,1,0.625,15.75,3.0,1.25,2.0,False
115,1,0.75,16.875,0.0,1.25,2.0,True
116,1,0.5,16.25,1.0,1.25,2.0,False
117,1,-0.125,16.0,0.0,1.0,2.0,True
118,1,0.5,14.75,1.0,1.25,4.0,True
119,0,1.125,15.25,2.0,1.5,1.0,True
120,0,1.375,15.625,3.0,1.5,2.0,False
121,0,1.25,17.0,0.0,1.25,2.0,True
122,0,1.125,18.25,1.0,1.25,2.0,True
123,1,1.5,20.375,2.0,1.5,3.0,True
124,1,1.875,20.875,3.0,1.5,2.0,True
125,1,2.625,21.5,4.0,1.75,2.0,False
126,1,2.25,23.0,0.0,1.5,2.0,False
127,0,1.75,22.875,0.0,1.25,2.0,False
128,1,0.875,23.875,0.0,1.0,3.0,True
129,0,1.375,23.625,1.0,1.25,4.0,True
130,1,1.375,22.25,2.0,1.25,1.0,True
131,1,1.25,19.75,3.0,1.25,2.0,True
132,1,1.25,19.375,4.0,1.25,2.0,True
133,1,0.875,17.875,5.0,1.25,2.0,True
134,0,1.0,16.0,6.0,1.5,3.0,True
135,0,1.375,15.75,7.0,1.75,3.0,False
136,0,1.625,15.25,0.0,1.75,2.0,False
137,0,0.875,15.75,0.0,1.5,2.0,False
138,0,0.75,17.125,0.0,1.25,3.0,False
139,0,0.375,15.875,0.0,1.0,2.0,True
140,0,0.25,16.25,1.0,1.0,1.0,True
141,0,0.25,18.625,2.0,1.0,2.0,False
142,0,-0.375,20.75,0.0,0.75,16.0,True
143,0,-0.5,21.125,1.0,0.75,1.0,True
144,0,0.0,22.25,2.0,1.0,2.0,False
145,0,-0.125,22.75,0.0,1.0,2.0,True
146,0,0.125,22.125,1.0,1.25,2.0,True
147,0,0.625,24.5,2.0,1.5,1.0,False
148,1,0.25,24.125,0.0,1.25,3.0,True
149,1,0.625,23.25,1.0,1.25,1.0,True
150,1,1.375,22.375,2.0,1.5,2.0,False
151,1,0.875,22.125,0.0,1.25,2.0,True
152,1,0.625,20.875,1.0,1.25,2.0,False
153,0,0.875,18.75,0.0,1.25,3.0,False
154,1,0.5,18.75,0.0,1.0,1.0,True
155,0,0.625,16.875,1.0,1.0,3.0,False
156,1,0.375,17.625,0.0,1.0,3.0,True
157,0,0.25,17.25,1.0,1.0,2.0,False
158,0,-0.625,19.125,0.0,0.75,1.0,False
159,1,-0.25,19.625,0.0,0.75,2.0,True
160,1,-0.25,18.125,1.0,0.75,2.0,False
161,0,-0.125,19.0,0.0,0.75,2.0,False
162,1,-0.25,18.5,0.0,0.75,2.0,True
163,1,0.0,0.0,0.0,0.0,0.0,False
164,1,0.0,0.0,0.0,0.0,2.0,True
165,0,0.0,0.0,1.0,0.0,2.0,False
166,0,0.0,0.0,0.0,0.0,2.0,False
167,1,0.0,0.0,0.0,0.0,2.0,True
168,0,0.0,0.0,1.0,0.0,2.0,False
169,0,0.0,0.0,0.0,0.0,1.0,False
170,1,0.0,0.0,0.0,0.0,2.0,True
171,1,0.125,27.0,1.0,0.75,4.0,True
172,1,0.25,26.125,2.0,1.0,6.0,True
173,0,0.5,25.0,3.0,1.0,1.0,True
174,0,0.75,23.875,4.0,1.25,2.0,True
175,1,1.375,23.0,5.0,1.5,2.0,True
176,0,1.125,24.75,6.0,1.5,3.0,False
177,0,1.375,24.5,0.0,1.5,2.0,True
178,0,1.875,23.125,1.0,1.75,2.0,True
179,0,1.625,22.25,2.0,1.75,2.0,False
180,0,1.375,21.5,0.0,1.5,2.0,False
181,1,0.75,22.125,0.0,1.25,3.0,False
182,1,-0.125,22.375,0.0,1.0,1.0,False
183,1,-0.5,21.375,0.0,0.75,3.0,True
184,1,-0.5,20.25,1.0,0.75,2.0,True
185,0,0.375,19.125,2.0,1.0,5.0,True
186,0,0.5,17.125,3.0,1.0,2.0,True
187,1,0.625,18.125,4.0,1.0,2.0,False
188,1,0.625,18.375,0.0,1.0,3.0,False
189,1,0.875,19.25,0.0,1.0,3.0,False
190,0,1.5,19.75,0.0,1.0,1.0,True
191,1,1.75,20.75,1.0,1.25,3.0,True
192,1,1.625,21.125,2.0,1.25,3.0,True
193,0,1.375,22.125,3.0,1.25,2.0,True
194,0,1.0,23.25,4.0,1.25,2.0,False
195,0,0.5,23.625,0.0,1.0,1.0,True
196,1,1.125,23.0,1.0,1.25,3.0,True
197,1,1.25,22.875,2.0,1.5,2.0,True
198,0,1.875,23.125,3.0,1.75,3.0,True
199,0,2.125,24.125,4.0,1.75,2.0,True
200,0,2.125,23.375,5.0,1.75,1.0,True
201,1,1.875,23.0,6.0,1.75,2.0,True
202,1,1.875,24.125,7.0,1.75,2.0,True
203,1,2.625,24.625,8.0,2.0,1.0,False
204,0,2.125,25.375,0.0,1.75,3.0,False
205,0,2.0,27.0,0.0,1.5,2.0,False
206,0,1.375,27.75,0.0,1.25,1.0,True
207,0,1.25,27.0,1.0,1.25,2.0,False
208,0,0.625,27.625,0.0,1.0,2.0,False
209,1,0.375,26.375,0.0,0.75,2.0,False
210,1,0.125,25.75,0.0,0.5,2.0,False
211,1,-0.5,23.5,0.0,0.25,2.0,True
212,1,0.25,23.375,1.0,0.5,2.0,True
213,0,0.375,20.625,2.0,0.75,6.0,True
214,0,0.875,19.0,3.0,1.0,1.0,True
215,1,1.375,18.875,4.0,1.0,2.0,True
216,1,2.0,18.375,5.0,1.25,3.0,True
217,1,2.375,19.5,6.0,1.5,2.0,False
218,1,2.25,19.5,0.0,1.5,3.0,True
219,0,2.5,21.25,1.0,1.75,2.0,False
220,0,1.625,20.125,0.0,1.5,1.0,True
221,0,1.875,19.875,1.0,1.5,2.0,False
222,1,1.25,19.75,0.0,1.25,2.0,True
223,1,0.875,20.25,1.0,1.25,3.0,False
224,1,0.625,20.375,0.0,1.0,2.0,True
225,1,0.5,19.75,1.0,1.0,2.0,False
226,1,0.375,21.375,0.0,1.0,3.0,False
227,1,0.125,20.5,0.0,0.75,2.0,False
228,0,-0.125,21.25,0.0,0.75,2.0,True
229,0,-0.25,22.5,1.0,0.75,1.0,True
230,0,0.375,23.25,2.0,1.0,2.0,True
231,0,0.125,23.25,3.0,1.0,2.0,False
232,0,0.25,23.625,0.0,1.0,2.0,True
233,1,0.25,23.375,1.0,1.0,2.0,True
234,1,0.75,21.5,2.0,1.25,2.0,True
235,1,1.0,20.75,3.0,1.5,2.0,False
236,0,1.125,19.5,0.0,1.5,5.0,True
237,0,1.0,20.0,1.0,1.5,2.0,True
238,0,0.875,19.375,2.0,1.5,2.0,True
239,0,1.125,18.25,3.0,1.5,2.0,True
240,1,1.375,17.125,4.0,1.75,2.0,True
241,1,1.5,17.75,5.0,1.75,2.0,False
242,0,0.875,19.0,0.0,1.5,3.0,False
243,1,0.375,18.625,0.0,1.25,2.0,True
244,0,1.25,19.625,1.0,1.5,2.0,True
245,1,0.0,0.0,0.0,0.0,0.0,False
246,0,0.0,0.0,0.0,0.0,4.0,True
247,0,0.0,0.0,1.0,0.0,2.0,False
248,0,0.0,0.0,0.0,0.0,1.0,False
249,0,0.0,0.0,0.0,0.0,2.0,True
250,1,0.0,0.0,1.0,0.0,3.0,False
251,1,0.0,0.0,0.0,0.0,2.0,True
252,1,0.0,0.0,1.0,0.0,2.0,True
253,0,0.0,21.875,2.0,1.0,3.0,False
254,1,-0.125,20.875,0.0,1.0,1.0,False
255,1,-0.625,21.75,0.0,0.75,3.0,True
256,0,-0.125,23.125,1.0,1.0,3.0,True
257,0,0.625,21.75,2.0,1.25,2.0,False
258,0,0.0,22.625,0.0,1.0,1.0,False
259,0,0.375,22.375,0.0,1.0,2.0,True
260,0,0.375,22.75,1.0,1.0,4.0,True
261,0,0.375,21.625,2.0,1.0,1.0,False
262,1,0.375,20.25,0.0,1.0,2.0,True
263,1,1.125,19.375,1.0,1.25,3.0,False
264,1,0.25,19.625,0.0,1.0,4.0,True
265,0,-0.125,21.25,1.0,1.0,3.0,True
266,0,0.75,21.125,2.0,1.25,2.0,True
267,0,1.5,22.375,3.0,1.5,1.0,True
268,1,1.125,21.75,4.0,1.5,3.0,True
269,1,1.375,21.75,5.0,1.5,2.0,False
270,1,1.375,23.875,0.0,1.5,3.0,True
271,1,1.5,23.375,1.0,1.5,2.0,True
272,0,2.75,22.25,2.0,1.75,2.0,False
273,0,2.625,22.75,0.0,1.5,2.0,True
274,0,2.625,23.375,1.0,1.5,3.0,False
275,0,2.0,22.625,0.0,1.25,2.0,False
276,0,1.75,22.0,0.0,1.0,2.0,True
277,1,1.625,22.125,1.0,1.0,2.0,True
278,1,2.25,22.375,2.0,1.25,2.0,True
279,1,2.0,24.25,3.0,1.25,2.0,False
280,1,1.0,25.75,0.0,1.0,3.0,True
281,0,1.25,24.5,1.0,1.25,2.0,True
282,0,1.0,24.875,2.0,1.25,1.0,True
283,0,1.375,24.125,3.0,1.5,2.0,False
284,1,1.125,24.875,0.0,1.5,2.0,False
285,1,0.875,23.75,0.0,1.25,2.0,True
286,0,0.75,22.75,1.0,1.25,3.0,True
287,0,0.625,21.625,2.0,1.25,2.0,False
288,0,0.75,20.375,0.0,1.25,1.0,False
289,0,0.5,21.875,0.0,1.0,2.0,True
290,1,0.5,20.875,1.0,1.0,3.0,False
291,1,-0.125,20.5,0.0,0.75,2.0,False
292,1,0.25,21.25,0.0,0.75,4.0,True
293,1,0.375,23.0,1.0,1.0,3.0,False
294,1,0.0,22.375,0.0,0.75,7.0,True
295,1,0.0,23.5,1.0,0.75,2.0,False
296,0,0.125,24.0,0.0,0.75,2.0,False
297,0,0.125,22.25,0.0,0.75,3.0,False
298,0,0.0,21.75,0.0,0.5,2.0,True
299,0,0.625,22.625,1.0,0.75,2.0,False
300,1,0.625,20.75,0.0,0.75,2.0,False
301,1,0.5,20.375,0.0,0.5,2.0,True
302,1,0.75,22.0,1.0,0.75,3.0,True
303,0,1.125,20.125,2.0,0.75,1.0,True
304,0,1.5,18.625,3.0,1.0,2.0,False
305,0,1.25,18.625,0.0,1.0,2.0,False
306,0,1.25,18.5,0.0,1.0,1.0,True
307,0,1.0,19.5,1.0,1.0,2.0,False
308,0,0.875,19.75,0.0,1.0,2.0,False
309,1,0.875,20.125,0.0,1.0,2.0,True
310,1,0.875,20.125,1.0,1.0,2.0,False
311,1,0.125,21.5,0.0,0.75,3.0,False
312,1,-0.625,23.125,0.0,0.5,2.0,True
313,1,-0.25,23.375,1.0,0.75,2.0,False
314,1,-0.625,25.0,0.0,0.75,4.0,False
315,1,-0.875,24.5,0.0,0.5,3.0,True
316,0,-0.625,24.625,1.0,0.75,2.0,False
317,0,-0.875,22.5,0.0,0.75,2.0,False
318,0,-1.25,23.375,0.0,0.5,1.0,True
319,0,-0.875,23.875,1.0,0.75,2.0,True
320,1,-0.375,23.5,2.0,1.0,2.0,True
321,1,-0.375,25.875,3.0,1.0,2.0,True
322,1,0.125,25.5,4.0,1.25,2.0,True
323,1,0.625,24.625,5.0,1.5,1.0,True
324,1,0.625,25.75,6.0,1.5,3.0,False
325,0,0.875,26.125,0.0,1.5,2.0,False
326,1,0.875,23.0,0.0,1.5,2.0,True
327,1,0.0,0.0,0.0,0.0,0.0,False
328,1,0.0,0.0,0.0,0.0,1.0,False
329,1,0.0,0.0,0.0,0.0,3.0,False
330,0,0.0,0.0,0.0,0.0,2.0,True
331,0,0.0,0.0,1.0,0.0,2.0,False
332,0,0.0,0.0,0.0,0.0,1.0,False
333,1,0.0,0.0,0.0,0.0,2.0,True
334,1,0.0,0.0,1.0,0.0,2.0,False
335,0,0.125,25.25,0.0,0.5,3.0,True
336,0,0.75,25.125,1.0,0.75,3.0,True
337,1,1.125,23.375,2.0,1.0,2.0,True
338,1,1.625,21.875,3.0,1.25,3.0,True
339,1,1.125,21.875,4.0,1.25,3.0,False
340,1,1.375,21.875,0.0,1.25,2.0,False
341,0,1.375,21.375,0.0,1.25,2.0,False
342,0,1.0,22.25,0.0,1.0,2.0,True
343,0,1.125,21.875,1.0,1.25,1.0,True
344,0,1.125,21.25,2.0,1.25,2.0,False
345,1,0.125,22.125,0.0,1.0,2.0,False
346,1,-0.625,21.0,0.0,0.75,4.0,True
347,0,-0.375,20.375,1.0,0.75,1.0,False
348,1,-0.5,17.625,0.0,0.75,2.0,False
349,0,-0.5,17.625,0.0,0.75,2.0,False
350,0,-0.625,16.375,0.0,0.75,3.0,False
351,0,-1.0,16.5,0.0,0.5,2.0,False
352,1,-1.125,18.125,0.0,0.25,2.0,True
353,1,-0.125,18.625,1.0,0.5,2.0,False
354,1,-0.25,19.125,0.0,0.5,2.0,False
355,1,-0.875,17.625,0.0,0.25,1.0,True
356,0,-0.5,19.625,1.0,0.5,2.0,True
357,0,-0.375,19.625,2.0,0.75,2.0,True
358,0,-0.125,21.5,3.0,1.0,1.0,True
359,1,0.25,20.875,4.0,1.25,2.0,False
360,1,0.25,19.25,0.0,1.25,2.0,True
361,0,0.25,18.25,1.0,1.25,2.0,False
362,0,0.125,20.125,0.0,1.25,2.0,False
363,1,0.25,21.125,0.0,1.25,3.0,True
364,1,0.625,21.375,1.0,1.25,2.0,True
365,1,0.875,21.25,2.0,1.25,2.0,True
366,0,1.0,19.375,3.0,1.25,2.0,True
367,0,1.25,18.875,4.0,1.25,3.0,False
368,0,1.125,19.125,0.0,1.25,2.0,True
369,0,1.125,20.625,1.0,1.25,1.0,False
370,0,1.625,19.75,0.0,1.25,2.0,False
371,1,1.25,21.0,0.0,1.25,2.0,False
372,1,0.75,21.125,0.0,1.0,2.0,True
373,1,0.625,23.5,1.0,1.0,3.0,False
374,0,0.125,22.625,0.0,0.75,2.0,False
375,0,0.0,0.0,0.0,0.0,0.0,False
376,1,0.0,0.0,0.0,0.0,2.0,True
377,0,0.0,0.0,1.0,0.0,1.0,True
378,1,0.0,0.0,2.0,0.0,2.0,True
379,1,0.0,0.0,3.0,0.0,2.0,False
380,1,0.0,0.0,0.0,0.0,2.0,False
381,0,0.0,0.0,0.0,0.0,3.0,True
382,0,0.0,0.0,1.0,0.0,2.0,True
383,0,0.125,18.625,2.0,1.25,2.0,False
384,0,0.5,19.0,0.0,1.25,1.0,False
385,0,-0.25,18.875,0.0,1.0,2.0,True
386,0,-0.25,20.5,1.0,1.0,2.0,False
387,0,-0.375,20.125,0.0,0.75,1.0,True
388,1,0.125,19.375,1.0,1.0,3.0,True
389,1,0.625,18.875,2.0,1.25,2.0,False
390,1,0.375,17.0,0.0,1.0,3.0,True
391,0,0.5,17.125,1.0,1.0,3.0,False
392,0,0.5,17.625,0.0,1.0,2.0,True
393,0,1.0,17.75,1.0,1.25,2.0,False
394,0,0.375,19.25,0.0,1.0,1.0,False
395,1,0.125,18.25,0.0,1.0,4.0,False
396,1,-0.125,18.25,0.0,0.75,3.0,False
397,1,-0.375,18.0,0.0,0.5,2.0,False
398,1,-0.25,19.0,0.0,0.5,3.0,True
399,1,-0.25,19.625,1.0,0.5,1.0,False
400,1,-0.375,18.5,0.0,0.5,2.0,False
401,0,-0.75,18.375,0.0,0.25,3.0,True
402,0,0.125,17.625,1.0,0.5,2.0,False
403,0,0.0,18.875,0.0,0.5,1.0,True
404,0,0.25,20.125,1.0,0.75,2.0,True
405,1,0.625,20.375,2.0,1.0,3.0,True
406,1,0.75,20.625,3.0,1.25,2.0,True
407,1,0.5,20.875,4.0,1.25,1.0,True
408,1,0.875,21.5,5.0,1.5,4.0,True
409,1,1.5,22.125,6.0,1.75,1.0,True
410,0,1.625,20.25,7.0,1.75,3.0,False
411,0,2.0,18.75,0.0,1.75,2.0,False
412,0,1.5,18.625,0.0,1.5,1.0,False
413,1,1.25,20.75,0.0,1.25,2.0,True
414,0,1.25,19.5,1.0,1.25,7.0,True
415,1,1.25,18.75,2.0,1.25,1.0,False
416,1,1.0,17.25,0.0,1.0,2.0,False
417,0,0.25,16.375,0.0,0.75,3.0,False
418,0,-0.5,17.375,0.0,0.5,1.0,False
419,1,-0.625,19.5,0.0,0.5,2.0,False
420,1,-0.25,20.875,0.0,0.5,3.0,True
421,0,-0.125,18.625,1.0,0.75,3.0,False
422,0,-0.375,21.5,0.0,0.5,2.0,False
423,0,-1.625,23.625,0.0,0.25,1.0,False
424,1,-1.75,24.75,0.0,0.25,2.0,False
425,0,-1.5,24.875,0.0,0.25,3.0,True
426,1,-1.125,23.875,1.0,0.5,2.0,False
427,1,-1.125,22.0,0.0,0.5,3.0,True
428,1,-1.0,19.5,1.0,0.75,1.0,False
429,1,-1.375,20.75,0.0,0.5,2.0,False
430,0,-1.625,19.5,0.0,0.5,2.0,False
431,0,-0.75,19.375,0.0,0.5,3.0,False
432,0,-0.875,20.125,0.0,0.5,1.0,False
433,0,-1.125,20.75,0.0,0.5,2.0,False
434,0,-1.625,22.75,0.0,0.25,2.0,False
435,1,-1.75,25.5,0.0,0.25,18.0,True
436,1,-1.75,25.75,1.0,0.25,2.0,False
437,1,-1.5,27.125,0.0,0.25,2.0,False
438,0,-1.375,27.25,0.0,0.25,2.0,False
439,0,-1.375,27.25,0.0,0.25,2.0,False
440,1,-1.75,26.75,0.0,0.25,2.0,True
441,1,-1.375,25.875,1.0,0.5,2.0,False
442,0,-1.375,24.75,0.0,0.5,2.0,False
443,0,-1.125,23.25,0.0,0.5,2.0,False
444,0,-1.375,24.25,0.0,0.25,2.0,False
445,0,-1.375,23.5,0.0,0.25,1.0,False
446,1,-1.25,23.375,0.0,0.25,2.0,True
447,1,-0.875,23.5,1.0,0.5,4.0,True
448,0,0.0,23.75,2.0,0.75,3.0,True
449,0,0.25,23.375,3.0,0.75,1.0,False
450,1,0.5,23.5,0.0,0.75,2.0,False
451,1,0.0,23.375,0.0,0.75,3.0,False
452,1,-0.125,22.875,0.0,0.75,4.0,True
453,1,0.0,22.75,1.0,1.0,2.0,False
454,1,-0.25,22.5,0.0,1.0,3.0,False
455,0,-0.75,21.75,0.0,0.75,2.0,False
456,1,-1.375,20.5,0.0,0.5,1.0,True
457,0,0.0,0.0,0.0,0.0,0.0,True
458,1,0.0,0.0,1.0,0.0,3.0,False
459,0,0.0,0.0,0.0,0.0,6.0,True
460,1,0.0,0.0,1.0,0.0,1.0,False
461,0,0.0,0.0,0.0,0.0,3.0,False
462,0,0.0,0.0,0.0,0.0,2.0,True
463,0,0.0,0.0,1.0,0.0,1.0,False
464,1,0.0,0.0,0.0,0.0,2.0,True
465,1,0.0,18.0,1.0,1.0,2.0,True
466,1,0.125,18.875,2.0,1.0,2.0,True
467,0,0.25,17.5,3.0,1.25,2.0,True
468,1,0.125,18.625,4.0,1.25,1.0,False
469,0,0.125,19.375,0.0,1.25,2.0,True
470,0,0.875,18.5,1.0,1.5,2.0,True
471,0,0.625,20.5,2.0,1.5,2.0,False
472,0,0.625,20.5,0.0,1.5,1.0,False
473,1,0.375,20.75,0.0,1.25,2.0,True
474,1,0.125,20.125,1.0,1.25,3.0,False
475,0,-0.625,20.75,0.0,1.0,5.0,True
476,1,-0.625,19.375,1.0,1.0,1.0,False
477,1,-0.375,19.875,0.0,1.0,3.0,True
478,1,-0.375,20.0,1.0,1.0,2.0,True
479,0,-0.25,19.375,2.0,1.0,3.0,True
480,0,0.875,19.375,3.0,1.25,2.0,False
481,0,0.625,20.375,0.0,1.25,2.0,True
482,0,0.625,20.25,1.0,1.25,2.0,True
483,0,1.625,20.0,2.0,1.5,2.0,False
484,0,1.125,21.5,0.0,1.25,1.0,False
485,0,1.0,22.0,0.0,1.25,2.0,False
486,1,0.375,23.125,0.0,1.0,4.0,False
487,1,-0.375,22.625,0.0,0.75,4.0,False
488,1,-1.25,21.875,0.0,0.5,3.0,True
489,1,-0.875,19.125,1.0,0.75,2.0,True
490,0,-0.25,19.125,2.0,0.75,6.0,False
491,0,-0.75,18.125,0.0,0.5,2.0,True
492,1,-0.125,17.125,1.0,0.75,2.0,False
493,1,-0.125,16.25,0.0,0.75,2.0,True
494,1,0.5,15.0,1.0,1.0,3.0,True
495,1,1.125,14.375,2.0,1.25,2.0,False
496,1,1.125,13.75,0.0,1.25,2.0,False
497,0,0.875,14.0,0.0,1.0,3.0,False
498,0,-0.375,13.625,0.0,0.75,2.0,True
499,0,0.25,16.75,1.0,1.0,1.0,True
500,0,0.375,17.875,2.0,1.0,3.0,True
501,0,0.625,17.875,3.0,1.25,1.0,False
502,1,-0.125,18.375,0.0,1.0,7.0,False
503,1,-0.75,18.5,0.0,0.75,3.0,True
504,1,-0.125,19.25,1.0,1.0,2.0,False
505,1,-0.25,20.0,0.0,1.0,2.0,True
506,1,0.375,19.75,1.0,1.25,2.0,False
507,1,-0.625,16.875,0.0,1.0,2.0,True
508,0,-0.375,15.0,1.0,1.0,2.0,False
509,0,-0.75,14.375,0.0,0.75,2.0,True
510,1,-0.25,15.25,1.0,1.0,2.0,True
511,0,0.625,16.125,2.0,1.25,1.0,False
512,1,0.125,15.125,0.0,1.0,2.0,True
513,0,0.5,15.375,1.0,1.25,3.0,False
514,0,0.375,16.375,0.0,1.0,1.0,False
515,0,0.625,15.75,0.0,1.0,2.0,True
516,0,0.5,18.625,1.0,1.0,2.0,True
517,0,0.875,20.5,2.0,1.25,2.0,False
518,1,0.375,19.25,0.0,1.0,3.0,False
519,1,0.0,22.0,0.0,0.75,2.0,False
520,0,-0.375,23.75,0.0,0.75,2.0,False
521,0,-0.5,26.375,0.0,0.5,2.0,True
522,1,-0.375,27.125,1.0,0.75,2.0,True
523,1,0.0,28.0,2.0,1.0,3.0,False
524,1,-1.0,25.375,0.0,0.75,2.0,True
525,1,-0.75,23.75,1.0,0.75,3.0,True
526,1,0.0,25.0,2.0,1.0,2.0,False
527,0,-0.5,20.75,0.0,1.0,2.0,True
528,0,0.375,22.0,1.0,1.25,1.0,True
529,1,0.625,20.375,2.0,1.5,2.0,True
530,1,0.875,19.5,3.0,1.5,2.0,False
531,1,0.375,19.25,0.0,1.25,2.0,False
532,0,0.75,19.625,0.0,1.25,2.0,True
533,0,0.75,20.0,1.0,1.25,1.0,False
534,0,0.375,20.0,0.0,1.0,2.0,False
535,0,0.625,22.375,0.0,1.0,2.0,False
536,1,0.125,21.75,0.0,0.75,2.0,False
537,1,-0.125,20.75,0.0,0.5,3.0,True
538,1,0.125,19.75,1.0,0.5,2.0,True
539,0,0.0,0.0,0.0,0.0,0.0,True
540,1,0.0,0.0,1.0,0.0,3.0,False
541,0,0.0,0.0,0.0,0.0,2.0,False
542,0,0.0,0.0,0.0,0.0,1.0,True
543,1,0.0,0.0,1.0,0.0,3.0,False
544,1,0.0,0.0,0.0,0.0,2.0,False
545,1,0.0,0.0,0.0,0.0,4.0,False
546,1,0.0,0.0,0.0,0.0,2.0,False
547,1,0.25,18.0,0.0,0.5,3.0,True
548,0,0.25,18.125,1.0,0.5,2.0,False
549,0,0.25,18.375,0.0,0.5,1.0,True
550,1,0.375,18.375,1.0,0.75,3.0,True
551,1,0.375,18.25,2.0,0.75,2.0,False
552,0,0.375,17.375,0.0,0.75,3.0,False
553,0,0.375,15.5,0.0,0.75,1.0,False
554,0,0.375,14.875,0.0,0.75,2.0,True
555,0,0.75,16.125,1.0,1.0,2.0,False
556,0,0.125,16.375,0.0,0.75,2.0,False
557,0,0.0,16.25,0.0,0.75,2.0,False
558,0,-0.25,16.375,0.0,0.5,2.0,False
559,1,-1.0,15.75,0.0,0.25,3.0,True
560,1,-0.5,16.875,1.0,0.5,1.0,False
561,0,-0.5,17.375,0.0,0.5,3.0,True
562,0,-0.25,17.875,1.0,0.75,2.0,False
563,0,-0.5,18.0,0.0,0.5,3.0,False
564,0,-0.875,19.125,0.0,0.5,1.0,False
565,1,-0.75,21.75,0.0,0.5,2.0,False
566,1,-0.875,21.125,0.0,0.5,2.0,False
567,1,-1.0,21.625,0.0,0.5,2.0,True
568,1,-1.0,22.5,1.0,0.5,2.0,True
569,0,-0.75,21.875,2.0,0.75,4.0,False
570,0,-1.375,24.875,0.0,0.5,2.0,False
571,0,-1.875,24.125,0.0,0.5,2.0,False
572,0,-1.625,22.5,0.0,0.5,1.0,False
573,0,-1.5,20.125,0.0,0.5,2.0,False
574,0,-1.25,20.875,0.0,0.5,2.0,True
575,1,-0.625,20.875,1.0,0.75,4.0,True
576,1,-0.875,21.0,2.0,0.75,2.0,False
577,1,-1.625,21.75,0.0,0.5,4.0,False
578,1,-1.125,19.25,0.0,0.5,3.0,False
579,1,-0.75,19.0,0.0,0.5,2.0,True
580,1,-0.375,18.375,1.0,0.75,3.0,False
581,1,-0.5,17.5,0.0,0.75,2.0,True
582,0,-0.375,15.875,1.0,1.0,3.0,False
583,0,-0.875,14.375,0.0,0.75,1.0,True
584,0,-0.875,13.375,1.0,0.75,2.0,False
585,0,-0.25,14.75,0.0,0.75,2.0,False
586,0,-0.375,16.0,0.0,0.75,2.0,True
587,0,0.0,17.25,1.0,1.0,2.0,False
588,1,-0.25,19.25,0.0,0.75,3.0,False
589,1,-0.25,19.125,0.0,0.75,9.0,False
590,1,-0.375,18.375,0.0,0.5,2.0,False
591,0,-0.375,19.125,0.0,0.5,3.0,True
592,0,-0.25,18.0,1.0,0.5,1.0,True
593,1,-0.125,16.625,2.0,0.75,3.0,False
594,1,-0.375,16.375,0.0,0.75,2.0,False
595,1,-1.0,15.5,0.0,0.5,3.0,False
596,0,-1.25,15.125,0.0,0.5,1.0,False
597,1,-1.5,15.0,0.0,0.5,2.0,True
598,1,-1.0,16.375,1.0,0.75,4.0,True
599,1,-0.375,17.5,2.0,1.0,3.0,False
600,1,-1.0,18.375,0.0,0.75,2.0,False
601,1,-1.25,18.125,0.0,0.5,2.0,False
602,0,-1.0,17.0,0.0,0.5,2.0,True
603,0,-0.375,17.0,1.0,0.75,2.0,False
604,1,-0.5,17.625,0.0,0.75,2.0,True
605,1,0.0,19.25,1.0,1.0,3.0,True
606,1,-0.25,18.875,2.0,1.0,2.0,False
607,1,-0.875,17.625,0.0,0.75,2.0,False
608,0,-0.75,18.25,0.0,0.75,2.0,False
609,1,-0.875,19.25,0.0,0.75,1.0,False
610,0,-1.125,21.25,0.0,0.75,3.0,False
611,0,-1.625,21.375,0.0,0.5,2.0,False
612,0,-1.125,21.5,0.0,0.5,1.0,False
613,1,-1.75,20.5,0.0,0.25,2.0,False
614,1,-2.125,20.375,0.0,0.0,2.0,False
615,0,-2.125,21.25,0.0,0.0,2.0,True
616,0,-1.625,20.875,1.0,0.25,1.0,True
617,1,-1.25,21.25,2.0,0.5,3.0,True
618,0,-0.75,20.0,3.0,0.75,2.0,False
619,0,-1.0,21.125,0.0,0.75,1.0,False
620,1,-1.5,19.625,0.0,0.75,2.0,False
621,1,0.0,0.0,0.0,0.0,0.0,False
622,1,0.0,0.0,0.0,0.0,1.0,True
623,1,0.0,0.0,1.0,0.0,2.0,True
624,1,0.0,0.0,2.0,0.0,2.0,True
625,0,0.0,0.0,3.0,0.0,2.0,False
626,0,0.0,0.0,0.0,0.0,1.0,False
627,1,0.0,0.0,0.0,0.0,2.0,False
628,1,0.0,0.0,0.0,0.0,3.0,False
629,1,-0.5,17.0,0.0,0.75,1.0,False
630,0,-0.875,17.75,0.0,0.75,4.0,False
631,0,-1.375,19.0,0.0,0.5,1.0,False
632,0,-1.625,20.75,0.0,0.25,2.0,False
633,0,-2.125,22.125,0.0,0.0,2.0,False
634,0,-2.375,22.25,0.0,0.0,1.0,True
635,0,-1.875,21.5,1.0,0.25,2.0,False
636,1,-1.75,22.375,0.0,0.25,3.0,True
637,1,-1.375,23.375,1.0,0.5,2.0,False
638,1,-1.625,22.875,0.0,0.5,2.0,True
639,1,-1.125,22.5,1.0,0.75,2.0,False
640,0,-1.125,20.75,0.0,0.75,4.0,True
641,0,-0.375,20.625,1.0,1.0,2.0,False
642,0,-0.25,20.25,0.0,1.0,1.0,False
643,1,-0.5,20.0,0.0,0.75,3.0,True
644,1,-0.125,19.625,1.0,1.0,2.0,False
645,1,-0.5,18.125,0.0,0.75,2.0,False
646,0,0.125,19.625,0.0,0.75,3.0,False
647,0,-0.125,19.375,0.0,0.5,2.0,True
648,0,0.5,19.75,1.0,0.75,2.0,False
649,0,-0.125,18.75,0.0,0.5,1.0,False
650,0,-0.375,18.375,0.0,0.5,2.0,False
651,1,-0.625,18.375,0.0,0.5,3.0,True
652,1,-0.5,17.25,1.0,0.5,2.0,False
653,1,-0.375,16.375,0.0,0.5,2.0,True
654,1,0.0,15.0,1.0,0.75,2.0,False
655,0,-0.25,14.625,0.0,0.75,1.0,False
656,1,-1.125,13.75,0.0,0.5,5.0,True
657,1,-0.75,13.875,1.0,0.75,2.0,True
658,0,-0.25,14.875,2.0,1.0,1.0,False
659,1,0.0,16.0,0.0,1.0,2.0,True
660,1,-0.125,14.875,1.0,1.0,2.0,True
661,1,0.375,15.0,2.0,1.25,2.0,True
662,0,0.25,14.875,3.0,1.25,1.0,False
663,0,0.375,13.875,0.0,1.25,3.0,False
664,0,0.625,16.75,0.0,1.25,2.0,False
665,1,0.5,17.625,0.0,1.0,3.0,False
666,1,0.25,17.375,0.0,0.75,2.0,True
667,1,0.375,17.75,1.0,1.0,3.0,True
668,0,0.375,19.625,2.0,1.0,2.0,False
669,0,-0.25,21.25,0.0,0.75,3.0,True
670,0,-0.375,21.375,1.0,0.75,1.0,False
671,1,-0.5,22.375,0.0,0.75,7.0,False
672,1,-0.75,19.25,0.0,0.75,2.0,False
673,0,-1.125,19.625,0.0,0.75,3.0,False
674,0,-1.25,18.375,0.0,0.75,2.0,True
675,0,-1.0,15.75,1.0,0.75,2.0,False
676,0,-1.25,16.125,0.0,0.5,1.0,True
677,0,-0.75,14.625,1.0,0.75,2.0,False
678,0,-1.375,15.75,0.0,0.5,2.0,False
679,1,-1.125,14.625,0.0,0.5,2.0,True
680,1,-0.625,16.125,1.0,0.75,1.0,False
681,1,-0.375,15.125,0.0,0.75,6.0,False
682,1,-0.5,15.375,0.0,0.75,3.0,False
683,0,-1.0,16.0,0.0,0.5,2.0,False
684,0,-1.125,15.75,0.0,0.5,2.0,True
685,0,-1.25,17.375,1.0,0.5,1.0,True
686,1,-0.625,16.75,2.0,0.75,2.0,False
687,1,-0.625,17.5,0.0,0.75,2.0,False
688,1,-0.875,18.375,0.0,0.5,2.0,False
689,1,-1.125,18.375,0.0,0.5,2.0,False
690,1,-1.125,20.625,0.0,0.5,3.0,False
691,0,-1.25,22.25,0.0,0.5,2.0,False
692,0,-1.25,21.375,0.0,0.5,3.0,True
693,0,-1.25,20.375,1.0,0.5,2.0,False
694,0,-1.75,19.75,0.0,0.25,2.0,True
695,0,-1.375,20.25,1.0,0.5,1.0,False
696,1,-1.375,18.375,0.0,0.5,2.0,False
697,1,-1.375,19.625,0.0,0.5,3.0,False
698,1,-1.25,17.75,0.0,0.5,2.0,False
699,0,-1.25,17.0,0.0,0.5,2.0,False
700,0,-1.25,17.5,0.0,0.5,2.0,False
701,1,-1.5,17.0,0.0,0.25,2.0,False
702,0,-1.25,17.0,0.0,0.25,1.0,False
703,1,0.0,0.0,0.0,0.0,0.0,True
704,1,0.0,0.0,1.0,0.0,3.0,False
705,1,0.0,0.0,0.0,0.0,2.0,False
706,1,0.0,0.0,0.0,0.0,2.0,False
707,0,0.0,0.0,0.0,0.0,3.0,True
708,0,0.0,0.0,1.0,0.0,2.0,False
709,0,0.0,0.0,0.0,0.0,1.0,True
710,0,0.0,0.0,1.0,0.0,2.0,True
711,0,0.125,15.25,2.0,1.0,2.0,True
712,1,0.125,15.125,3.0,1.0,2.0,True
713,1,0.625,15.625,4.0,1.25,4.0,False
714,1,0.75,15.625,0.0,1.25,2.0,False
715,1,0.875,16.125,0.0,1.25,3.0,True
716,1,0.75,17.625,1.0,1.25,2.0,False
717,0,1.0,17.25,0.0,1.25,1.0,True
718,0,1.0,17.375,1.0,1.25,2.0,False
719,0,0.25,16.25,0.0,1.0,2.0,False
720,0,-0.5,17.125,0.0,0.75,3.0,True
721,1,-0.875,17.625,1.0,0.75,2.0,False
722,1,-1.125,18.5,0.0,0.75,2.0,False
723,0,-1.0,18.625,0.0,0.75,3.0,True
724,0,-0.875,17.125,1.0,0.75,1.0,True
725,0,-0.375,16.375,2.0,1.0,2.0,False
726,0,-0.75,18.75,0.0,0.75,2.0,False
727,0,-0.375,20.125,0.0,0.75,2.0,False
728,0,-0.125,20.0,0.0,0.75,2.0,True
729,1,0.0,19.375,1.0,0.75,2.0,True
730,1,0.5,18.25,2.0,1.0,3.0,True
731,1,1.0,18.75,3.0,1.25,2.0,False
732,0,0.25,18.75,0.0,1.0,2.0,False
733,0,-0.375,18.75,0.0,0.75,2.0,False
734,1,-0.75,17.375,0.0,0.75,2.0,False
735,1,-1.5,16.75,0.0,0.75,2.0,True
736,1,-1.0,16.75,1.0,1.0,2.0,False
737,1,-1.875,17.75,0.0,0.75,2.0,False
738,0,-2.25,19.125,0.0,0.5,2.0,False
739,1,-2.75,20.25,0.0,0.25,2.0,False
740,1,-2.625,20.875,0.0,0.25,5.0,True
741,1,-2.0,22.0,1.0,0.5,2.0,False
742,1,-1.625,22.375,0.0,0.5,3.0,False
743,0,-1.5,23.125,0.0,0.5,4.0,False
744,0,-1.625,25.125,0.0,0.25,1.0,False
745,0,-1.375,26.125,0.0,0.25,2.0,False
746,0,-1.375,25.375,0.0,0.25,3.0,True
747,0,-0.875,25.0,1.0,0.5,2.0,True
748,0,-0.5,24.125,2.0,0.75,6.0,False
749,0,-1.25,24.375,0.0,0.5,1.0,False
750,1,-1.25,24.0,0.0,0.5,2.0,True
751,1,-0.125,23.125,1.0,0.75,2.0,False
752,1,-0.625,20.375,0.0,0.75,5.0,True
753,1,-0.125,18.25,1.0,1.0,2.0,True
754,1,0.375,18.125,2.0,1.25,2.0,False
755,0,-0.25,17.625,0.0,1.0,3.0,False
756,0,-0.625,18.375,0.0,0.75,2.0,False
757,0,-0.625,18.25,0.0,0.75,1.0,False
758,0,-0.875,19.75,0.0,0.75,2.0,True
759,1,-0.625,20.875,1.0,0.75,3.0,False
760,0,-0.25,20.75,0.0,0.75,1.0,False
761,1,-0.75,23.0,0.0,0.5,2.0,True
762,1,-0.375,24.0,1.0,0.5,3.0,False
763,0,-0.25,25.5,0.0,0.5,3.0,False
764,0,-0.375,25.625,0.0,0.5,2.0,True
765,0,0.25,25.375,1.0,0.75,1.0,False
766,1,0.375,24.0,0.0,0.75,2.0,False
767,1,-0.5,22.625,0.0,0.5,2.0,False
768,1,-0.5,24.875,0.0,0.5,3.0,True
769,1,0.0,23.625,1.0,0.75,2.0,False
770,1,-0.75,24.5,0.0,0.5,2.0,False
771,0,-1.0,24.75,0.0,0.5,2.0,False
772,0,-0.75,26.125,0.0,0.5,1.0,False
773,0,-1.375,27.625,0.0,0.25,2.0,False
774,1,-1.5,28.625,0.0,0.25,3.0,False
775,0,-1.625,31.875,0.0,0.25,3.0,False
776,0,-1.875,33.25,0.0,0.25,2.0,True
777,0,-1.625,33.375,1.0,0.25,1.0,False
778,0,-1.875,31.125,0.0,0.25,2.0,True
779,1,-1.125,28.875,1.0,0.5,2.0,True
780,1,-0.625,27.625,2.0,0.75,2.0,True
781,1,-0.125,26.25,3.0,1.0,2.0,True
782,1,0.375,26.25,4.0,1.25,3.0,False
783,1,0.625,23.25,0.0,1.25,2.0,True
784,0,1.125,20.375,1.0,1.5,2.0,False
785,1,0.0,0.0,0.0,0.0,0.0,True
786,0,0.0,0.0,1.0,0.0,3.0,False
787,0,0.0,0.0,0.0,0.0,3.0,False
788,0,0.0,0.0,0.0,0.0,2.0,True
789,0,0.0,0.0,1.0,0.0,2.0,True
790,0,0.0,0.0,2.0,0.0,3.0,True
791,0,0.0,0.0,3.0,0.0,2.0,False
792,1,0.0,0.0,0.0,0.0,2.0,True
793,1,0.125,20.375,1.0,1.25,2.0,False
794,0,-0.625,21.0,0.0,1.0,2.0,False
795,0,-0.25,23.875,0.0,1.0,1.0,False
796,1,-0.375,23.75,0.0,1.0,2.0,False
797,1,-1.375,24.5,0.0,0.75,2.0,True
798,1,-1.125,24.75,1.0,0.75,2.0,True
799,1,-1.0,24.125,2.0,0.75,2.0,True
800,0,-0.5,26.625,3.0,1.0,4.0,False
801,0,-0.625,26.375,0.0,0.75,2.0,True
802,0,0.125,25.625,1.0,1.0,2.0,False
803,0,0.125,22.0,0.0,1.0,2.0,False
804,0,0.375,21.5,0.0,1.0,1.0,False
805,0,0.625,20.5,0.0,1.0,2.0,False
806,1,-0.25,20.125,0.0,0.75,2.0,False
807,1,-0.625,19.375,0.0,0.5,2.0,False
808,0,-1.125,17.875,0.0,0.25,2.0,False
809,0,-1.25,18.75,0.0,0.25,2.0,False
810,0,-2.125,20.125,0.0,0.0,1.0,True
811,1,-1.875,20.875,1.0,0.25,3.0,False
812,1,-1.875,21.125,0.0,0.25,2.0,False
813,1,-1.625,22.25,0.0,0.25,2.0,False
814,1,-1.25,23.25,0.0,0.25,3.0,False
815,1,-1.25,23.875,0.0,0.25,2.0,True
816,0,-0.625,23.5,1.0,0.5,3.0,True
817,0,0.125,21.375,2.0,0.75,2.0,True
818,0,0.75,19.875,3.0,1.0,2.0,False
819,1,0.375,20.0,0.0,0.75,2.0,True
820,1,1.0,20.875,1.0,1.0,1.0,True
821,1,1.375,20.625,2.0,1.25,2.0,False
822,1,1.125,20.25,0.0,1.25,2.0,True
823,1,1.75,19.5,1.0,1.5,2.0,False
824,0,1.375,19.25,0.0,1.25,5.0,True
825,0,1.0,22.375,1.0,1.25,2.0,True
826,0,1.0,22.75,2.0,1.25,2.0,False
827,0,0.625,22.875,0.0,1.25,2.0,True
828,0,0.25,22.5,1.0,1.25,1.0,False
829,0,-0.25,22.75,0.0,1.0,2.0,False
830,1,-0.5,23.625,0.0,1.0,5.0,False
831,1,-1.125,23.875,0.0,0.75,3.0,True
832,1,-0.5,25.75,1.0,1.0,3.0,False
833,1,-0.75,23.75,0.0,0.75,2.0,True
834,1,-0.75,24.0,1.0,0.75,2.0,True
835,1,-0.125,24.25,2.0,1.0,3.0,False
836,0,-0.625,22.75,0.0,0.75,10.0,True
837,0,0.125,21.625,1.0,1.0,2.0,False
838,0,0.625,20.875,0.0,1.0,1.0,False
839,0,0.625,20.875,0.0,1.0,2.0,False
840,1,0.0,18.75,0.0,0.75,2.0,False
841,1,0.0,20.0,0.0,0.75,2.0,False
842,0,-0.75,19.75,0.0,0.5,2.0,False
843,0,-1.0,19.125,0.0,0.25,1.0,False
844,0,-0.625,20.125,0.0,0.25,2.0,False
845,1,-1.25,20.625,0.0,0.0,5.0,False
846,1,-1.25,21.625,0.0,0.0,2.0,False
847,1,-1.625,20.25,0.0,0.0,2.0,True
848,0,-1.0,20.625,1.0,0.25,2.0,False
849,0,-1.0,18.75,0.0,0.25,1.0,False
850,0,-0.75,20.25,0.0,0.25,3.0,False
851,1,-1.0,23.5,0.0,0.25,3.0,True
852,0,-0.875,23.75,1.0,0.5,1.0,False
853,1,-0.875,24.625,0.0,0.5,2.0,False
854,1,-1.25,25.375,0.0,0.5,4.0,True
855,1,-0.375,25.75,1.0,0.75,2.0,False
856,0,-0.875,25.25,0.0,0.5,2.0,False
857,0,-0.875,25.875,0.0,0.5,1.0,True
858,1,-0.375,25.5,1.0,0.75,2.0,True
859,1,0.375,23.0,2.0,1.0,3.0,False
860,1,0.0,23.25,0.0,0.75,1.0,False
861,1,-0.5,23.5,0.0,0.75,2.0,False
862,1,-0.125,23.75,0.0,0.75,2.0,False
863,1,-0.5,24.375,0.0,0.5,2.0,False
864,1,-0.5,25.75,0.0,0.5,3.0,True
865,0,-0.25,24.625,1.0,0.75,2.0,False
866,0,-0.5,23.0,0.0,0.5,2.0,False
867,0,0.0,0.0,0.0,0.0,0.0,False
868,0,0.0,0.0,0.0,0.0,3.0,False
869,1,0.0,0.0,0.0,0.0,4.0,True
870,1,0.0,0.0,1.0,0.0,3.0,False
871,1,0.0,0.0,0.0,0.0,3.0,True
872,0,0.0,0.0,1.0,0.0,2.0,False
873,0,0.0,0.0,0.0,0.0,2.0,False
874,0,0.0,0.0,0.0,0.0,1.0,True
875,0,0.75,18.125,1.0,0.75,2.0,True
876,1,1.25,17.625,2.0,1.0,3.0,False
877,1,1.625,18.5,0.0,1.0,3.0,True
878,0,1.5,18.0,1.0,1.0,2.0,True
879,0,1.75,17.125,2.0,1.25,2.0,False
880,0,1.125,15.625,0.0,1.0,1.0,True
881,1,1.5,14.625,1.0,1.25,3.0,False
882,0,1.5,16.625,0.0,1.25,2.0,False
883,0,1.0,17.5,0.0,1.0,1.0,False
884,1,0.25,17.0,0.0,0.75,2.0,False
885,1,0.125,18.25,0.0,0.75,2.0,True
886,1,-0.25,19.5,1.0,0.75,2.0,False
887,1,-0.75,20.0,0.0,0.5,2.0,False
888,0,-0.75,20.5,0.0,0.5,3.0,False
889,0,-1.75,20.875,0.0,0.25,2.0,True
890,0,-1.25,17.875,1.0,0.5,2.0,False
891,0,-0.875,15.75,0.0,0.5,2.0,False
892,0,-0.625,16.5,0.0,0.5,2.0,False
893,0,-0.75,19.125,0.0,0.5,3.0,True
894,1,-0.75,17.25,1.0,0.5,1.0,False
895,1,-0.625,17.25,0.0,0.5,2.0,True
896,1,-0.125,18.125,1.0,0.75,4.0,True
897,1,0.625,20.5,2.0,1.0,3.0,False
898,1,-0.125,21.75,0.0,0.75,2.0,True
899,0,0.0,22.125,1.0,1.0,2.0,False
900,0,-0.125,21.125,0.0,1.0,1.0,False
901,1,-0.25,18.875,0.0,1.0,2.0,False
902,1,-0.75,19.875,0.0,0.75,2.0,True
903,1,-0.5,20.5,1.0,1.0,2.0,True
904,1,-0.5,21.75,2.0,1.0,2.0,True
905,1,-0.375,20.75,3.0,1.0,5.0,True
906,0,0.125,21.75,4.0,1.25,1.0,True
907,1,0.375,21.625,5.0,1.25,4.0,True
908,1,0.875,23.25,6.0,1.5,2.0,True
909,0,1.375,23.5,7.0,1.75,3.0,False
910,0,1.125,22.5,0.0,1.75,2.0,False
911,0,0.625,22.5,0.0,1.5,2.0,True
912,0,0.625,19.75,1.0,1.5,1.0,True
913,0,0.75,17.875,2.0,1.5,2.0,False
914,1,0.125,16.5,0.0,1.25,2.0,True
915,1,0.0,16.75,1.0,1.25,2.0,True
916,1,0.125,16.875,2.0,1.25,9.0,True
917,0,0.25,15.875,3.0,1.25,2.0,True
918,0,1.125,15.5,4.0,1.5,3.0,True
919,0,1.625,14.875,5.0,1.75,1.0,False
920,0,1.25,17.125,0.0,1.5,2.0,False
921,0,0.375,19.75,0.0,1.25,2.0,False
922,1,0.625,19.25,0.0,1.25,2.0,False
923,1,-0.125,19.5,0.0,1.0,2.0,True
924,1,0.0,19.0,1.0,1.0,2.0,True
925,1,0.125,18.875,2.0,1.0,4.0,False
926,1,-0.75,19.125,0.0,0.75,3.0,False
927,1,-0.875,20.125,0.0,0.5,3.0,True
928,0,-0.125,20.375,1.0,0.75,3.0,True
929,0,0.5,19.375,2.0,1.0,2.0,False
930,0,0.375,20.75,0.0,1.0,2.0,False
931,0,0.625,21.0,0.0,1.0,1.0,False
932,1,-0.125,21.0,0.0,0.75,3.0,False
933,1,-0.75,22.0,0.0,0.5,2.0,True
934,1,0.125,23.625,1.0,0.75,2.0,False
935,1,0.0,23.125,0.0,0.75,2.0,False
936,0,0.0,0.0,0.0,0.0,0.0,True
937,0,0.0,0.0,1.0,0.0,1.0,False
938,0,0.0,0.0,0.0,0.0,2.0,False
939,0,0.0,0.0,0.0,0.0,2.0,False
940,1,0.0,0.0,0.0,0.0,2.0,False
941,1,0.0,0.0,0.0,0.0,1.0,False
942,1,0.0,0.0,0.0,0.0,2.0,False
943,1,0.0,0.0,0.0,0.0,2.0,True
944,1,-1.0,23.375,1.0,0.5,2.0,True
945,1,-0.75,23.0,2.0,0.5,1.0,True
946,0,0.0,22.75,3.0,0.75,2.0,True
947,0,0.75,23.125,4.0,1.0,2.0,False
948,0,0.625,25.125,0.0,1.0,1.0,False
949,0,0.375,24.125,0.0,1.0,2.0,False
950,0,0.375,24.5,0.0,1.0,2.0,False
951,0,0.25,23.625,0.0,1.0,2.0,False
952,1,-0.75,23.875,0.0,0.75,3.0,False
953,1,-1.5,23.375,0.0,0.5,2.0,True
954,1,-1.625,23.0,1.0,0.5,2.0,False
955,0,-2.125,23.125,0.0,0.25,2.0,True
956,1,-1.125,21.125,1.0,0.5,2.0,False
957,1,-1.125,20.875,0.0,0.5,2.0,False
958,1,-0.75,19.625,0.0,0.5,2.0,False
959,1,-0.375,18.875,0.0,0.5,2.0,False
960,0,-0.5,17.125,0.0,0.5,4.0,True
961,0,0.25,17.125,1.0,0.75,1.0,False
962,1,-0.375,16.125,0.0,0.5,2.0,True
963,1,0.0,16.75,1.0,0.75,2.0,True
964,1,-0.25,17.5,2.0,0.75,2.0,False
965,1,0.0,16.625,0.0,0.75,2.0,False
966,1,-0.375,16.75,0.0,0.75,3.0,True
967,0,-0.125,17.375,1.0,1.0,2.0,True
968,0,0.375,16.625,2.0,1.25,2.0,False
969,0,-0.125,18.875,0.0,1.0,2.0,True
970,0,0.375,18.875,1.0,1.25,1.0,False
971,1,0.125,19.625,0.0,1.0,2.0,False
972,1,-0.625,19.5,0.0,0.75,2.0,False
973,1,-1.125,19.875,0.0,0.75,25.0,True
974,1,-0.5,19.0,1.0,1.0,2.0,True
975,1,-0.25,17.375,2.0,1.0,2.0,False
976,1,-0.75,19.0,0.0,0.75,2.0,True
977,0,-0.5,17.625,1.0,1.0,2.0,False
978,0,-0.75,19.375,0.0,0.75,2.0,False
979,0,-1.125,19.0,0.0,0.75,1.0,False
980,0,-1.0,19.0,0.0,0.75,2.0,False
981,1,-1.0,19.375,0.0,0.75,2.0,False
982,1,-1.375,20.375,0.0,0.5,1.0,False
983,0,-2.125,20.75,0.0,0.25,2.0,True
984,0,-1.375,20.625,1.0,0.5,2.0,False
985,0,-1.75,19.875,0.0,0.25,2.0,True
986,0,-1.375,18.875,1.0,0.5,1.0,False
987,0,-1.625,18.25,0.0,0.5,2.0,False
988,0,-1.625,17.25,0.0,0.5,2.0,True
989,1,-0.75,16.125,1.0,0.75,1.0,False
990,1,-0.625,14.75,0.0,0.75,2.0,True
991,0,0.0,14.0,1.0,1.0,1.0,False
992,0,0.0,0.0,0.0,0.0,0.0,False
993,0,0.0,0.0,0.0,0.0,2.0,False
994,0,0.0,0.0,0.0,0.0,1.0,False
995,0,0.0,0.0,0.0,0.0,3.0,False
996,0,0.0,0.0,0.0,0.0,2.0,True
997,0,0.0,0.0,1.0,0.0,2.0,True
998,1,0.0,0.0,2.0,0.0,3.0,False
999,1,0.0,0.0,0.0,0.0,2.0,False
1000,1,-0.25,22.125,0.0,0.5,2.0,False
1001,1,-0.375,21.625,0.0,0.5,3.0,True
1002,1,-0.25,21.75,1.0,0.75,3.0,False
1003,1,-0.125,23.375,0.0,0.75,2.0,True
1004,1,0.625,24.125,1.0,1.0,2.0,False
1005,0,0.125,22.75,0.0,0.75,2.0,False
1006,0,-0.875,21.625,0.0,0.5,2.0,False
1007,0,-1.125,23.0,0.0,0.5,1.0,False
1008,1,-1.5,20.875,0.0,0.5,3.0,False
1009,1,-1.625,20.5,0.0,0.5,2.0,True
1010,1,-1.625,20.25,1.0,0.5,2.0,False
1011,0,-1.625,20.75,0.0,0.5,3.0,False
1012,0,-2.375,22.625,0.0,0.25,2.0,False
1013,0,-2.5,23.875,0.0,0.25,2.0,False
1014,0,-1.875,23.5,0.0,0.25,1.0,True
1015,0,-1.375,21.125,1.0,0.5,2.0,True
1016,1,-0.375,20.875,2.0,0.75,3.0,False
1017,1,-0.5,20.375,0.0,0.75,2.0,True
1018,1,-0.125,21.5,1.0,0.75,2.0,False
1019,1,0.0,21.25,0.0,0.75,2.0,False
1020,1,0.375,20.875,0.0,0.75,2.0,True
1021,1,0.75,20.875,1.0,1.0,2.0,True
1022,0,1.0,21.25,2.0,1.25,2.0,True
1023,0,1.25,21.625,3.0,1.25,13.0,True
1024,0,0.875,22.625,4.0,1.25,1.0,False
1025,0,1.25,23.75,0.0,1.25,2.0,True
1026,0,1.125,22.375,1.0,1.25,10.0,False
1027,0,0.75,23.375,0.0,1.25,2.0,False
1028,0,0.5,22.625,0.0,1.25,2.0,False
1029,0,0.0,25.25,0.0,1.0,1.0,True
1030,0,0.125,26.0,1.0,1.0,2.0,True
1031,1,0.0,27.75,2.0,1.0,3.0,False
1032,1,-0.125,26.125,0.0,0.75,2.0,False
1033,1,-0.375,25.625,0.0,0.75,2.0,False
1034,0,-0.875,25.125,0.0,0.5,2.0,True
1035,0,0.0,23.25,1.0,0.75,2.0,False
1036,0,0.125,22.0,0.0,0.75,2.0,True
1037,0,0.75,21.125,1.0,1.0,1.0,False
1038,1,0.25,21.625,0.0,0.75,7.0,True
1039,1,0.5,21.0,1.0,0.75,1.0,False
1040,1,0.125,23.0,0.0,0.75,3.0,True
1041,0,0.5,24.875,1.0,1.0,5.0,True
1042,1,0.75,25.25,2.0,1.25,2.0,False
1043,1,-0.125,26.875,0.0,1.0,2.0,True
1044,1,0.375,28.375,1.0,1.25,3.0,True
1045,0,0.875,28.375,2.0,1.25,3.0,True
1046,0,1.5,26.75,3.0,1.5,1.0,False
1047,0,0.375,27.875,0.0,1.25,3.0,True
1048,0,0.875,26.125,1.0,1.5,2.0,True
1049,1,1.0,24.75,2.0,1.5,4.0,True
1050,1,1.125,25.125,3.0,1.5,2.0,False
1051,1,1.375,25.125,0.0,1.5,2.0,False
1052,1,0.875,25.0,0.0,1.25,2.0,True
1053,1,0.5,24.375,1.0,1.25,2.0,False
1054,1,0.0,24.375,0.0,1.0,2.0,False
1055,1,0.25,23.125,0.0,1.0,1.0,False
1056,0,0.0,23.75,0.0,0.75,3.0,True
1057,0,0.0,22.125,1.0,0.75,1.0,False
1058,0,-0.375,22.125,0.0,0.5,2.0,True
1059,0,0.125,21.25,1.0,0.75,2.0,False
1060,1,-0.125,20.5,0.0,0.75,2.0,False
1061,1,-0.625,20.75,0.0,0.5,4.0,False
1062,0,-0.625,22.0,0.0,0.5,3.0,True
1063,0,0.25,24.5,1.0,0.75,1.0,True
1064,1,0.875,25.5,2.0,1.0,2.0,True
1065,1,0.875,26.75,3.0,1.0,3.0,True
1066,1,1.125,27.75,4.0,1.25,2.0,True
1067,1,1.5,28.5,5.0,1.25,4.0,True
1068,1,2.375,29.5,6.0,1.5,1.0,False
1069,0,2.5,29.0,0.0,1.5,2.0,False
1070,0,2.25,28.0,0.0,1.5,2.0,False
1071,1,1.375,24.375,0.0,1.25,3.0,True
1072,1,1.25,22.375,1.0,1.25,2.0,True
1073,0,1.125,21.875,2.0,1.25,1.0,False
1074,0,0.0,0.0,0.0,0.0,0.0,False
1075,0,0.0,0.0,0.0,0.0,3.0,False
1076,0,0.0,0.0,0.0,0.0,2.0,False
1077,0,0.0,0.0,0.0,0.0,1.0,False
1078,0,0.0,0.0,0.0,0.0,2.0,False
1079,1,0.0,0.0,0.0,0.0,2.0,False
1080,1,0.0,0.0,0.0,0.0,2.0,False
1081,0,0.0,0.0,0.0,0.0,3.0,True
1082,1,-1.375,24.75,1.0,0.25,1.0,True
1083,1,-0.625,23.75,2.0,0.5,4.0,False
1084,1,-0.875,24.0,0.0,0.5,2.0,True
1085,1,-0.25,22.25,1.0,0.75,2.0,False
1086,0,-0.125,23.375,0.0,0.75,3.0,True
1087,0,0.25,24.875,1.0,1.0,1.0,False
1088,0,0.375,21.875,0.0,1.0,3.0,False
1089,0,0.375,23.25,0.0,1.0,1.0,False
1090,0,-0.125,22.625,0.0,0.75,2.0,True
1091,1,-0.5,21.125,1.0,0.75,3.0,True
1092,1,0.25,22.125,2.0,1.0,3.0,False
1093,0,-0.25,22.75,0.0,0.75,2.0,True
1094,0,-0.125,21.5,1.0,1.0,3.0,True
1095,0,0.125,22.5,2.0,1.0,1.0,True
1096,1,0.625,24.0,3.0,1.25,2.0,False
1097,1,0.25,21.5,0.0,1.25,2.0,False
1098,1,0.125,22.375,0.0,1.25,2.0,True
1099,1,0.125,24.125,1.0,1.25,2.0,True
1100,0,-0.125,22.5,2.0,1.25,2.0,True
1101,1,0.125,21.25,3.0,1.5,3.0,False
1102,0,-0.375,22.75,0.0,1.25,4.0,False
1103,1,-0.875,22.0,0.0,1.0,3.0,False
1104,1,-1.5,23.25,0.0,0.75,2.0,False
1105,1,-1.5,24.25,0.0,0.75,3.0,False
1106,0,-1.0,24.625,0.0,0.75,1.0,True
1107,1,-0.75,24.5,1.0,0.75,4.0,True
1108,0,-0.375,26.0,2.0,0.75,2.0,False
1109,0,-0.75,26.625,0.0,0.5,2.0,False
1110,1,-0.5,26.0,0.0,0.5,3.0,False
1111,1,-1.0,25.5,0.0,0.5,2.0,True
1112,0,-0.25,24.375,1.0,0.75,3.0,False
1113,0,-0.125,25.25,0.0,0.75,2.0,False
1114,0,-0.25,24.5,0.0,0.75,2.0,False
1115,0,-0.75,26.0,0.0,0.5,2.0,False
1116,0,-1.375,24.625,0.0,0.25,1.0,False
1117,1,-1.125,26.0,0.0,0.25,3.0,False
1118,1,-1.375,26.375,0.0,0.25,2.0,False
1119,1,-1.25,26.625,0.0,0.25,1.0,False
1120,1,-1.75,25.75,0.0,0.0,3.0,True
1121,0,-1.0,24.5,1.0,0.25,1.0,False
1122,1,-1.5,24.5,0.0,0.25,2.0,True
1123,0,-1.0,23.5,1.0,0.5,10.0,False
1124,0,-1.0,25.375,0.0,0.5,2.0,False
1125,0,-1.125,24.125,0.0,0.5,1.0,True
1126,0,-0.625,24.25,1.0,0.75,2.0,False
1127,1,-0.625,23.625,0.0,0.75,2.0,False
1128,1,-1.0,23.625,0.0,0.75,2.0,False
1129,1,-1.625,24.625,0.0,0.5,3.0,True
1130,0,-0.5,26.0,1.0,0.75,3.0,False
1131,0,-0.875,26.0,0.0,0.5,2.0,True
1132,1,-0.625,23.125,1.0,0.75,2.0,False
1133,0,-0.75,23.25,0.0,0.75,2.0,True
1134,1,-0.75,23.375,1.0,0.75,3.0,False
